Type;Dimension;Item;Item ID;;REVERSE SCORED
Pre-test;Flow;Debería sentirme completamente concentrado/a en una actividad educativa mientras uso RV.;1;;
Post-test;Flow;Me sentí completamente concentrado/a en la actividad educativa mientras usaba RV.;1;;
Pre-test;Flow;La actividad en RV debería hacerme perder la noción del tiempo por lo inmersiva que es.;2;;
Post-test;Flow;Perdí la noción del tiempo mientras realizaba la tarea en RV.;2;;
Pre-test;Control;Debería sentirme en total control de mis acciones en el entorno virtual.;3;;
Post-test;Control;Me sentí en total control de mis acciones en el entorno virtual.;3;;
Pre-test;Control;Mis acciones deberían tener el efecto deseado en el entorno virtual.;4;;
Post-test;Control;Mis acciones tenían el efecto deseado en el entorno virtual.;4;;
Pre-test;Control;El sistema de RV debería responder adecuadamente a mis movimientos o comandos.;5;;
Post-test;Control;El sistema de RV respondió bien a mis movimientos o comandos.;5;;
Pre-test;Educational effectiveness;La RV con un avatar de IA debería ayudarme a comprender mejor los contenidos.;6;;
Post-test;Educational effectiveness;El uso de RV con un avatar de IA me ayudó a comprender mejor los contenidos.;6;;
Pre-test;Educational effectiveness;Un avatar de IA en RV debería ser mejor que una clase tradicional.;7;;
Post-test;Educational effectiveness;El avatar de IA en RV fue mejor que una clase tradicional.;7;;
Pre-test;Educational effectiveness;Debería aprender más rápido utilizando un avatar de IA en RV.;8;;
Post-test;Educational effectiveness;Aprendí más rápido utilizando un avatar de inteligencia artificial en RV.;8;;
Pre-test;Educational effectiveness;Debería comprender los temas más rápidamente con ayuda del avatar de IA en RV.;9;;
Post-test;Educational effectiveness;Comprendí los temas más rápidamente con la ayuda del avatar de inteligencia artificial en RV.;9;;
Pre-test;Educational effectiveness;Los avatares virtuales con IA deberían contribuir significativamente a mi aprendizaje.;10;;
Post-test;Educational effectiveness;El uso del avatar virtual IA contribuyó a mi aprendizaje.;10;;
Pre-test;Ergonomy;Debería sentirme cómodo/a físicamente al usar el sistema.;11;;
Post-test;Ergonomy;Me sentí cómodo/a físicamente mientras usaba el sistema.;11;;
Pre-test;Ergonomy;Los dispositivos no deberían causarme molestias durante su uso.;12;;
Post-test;Ergonomy;Los dispositivos no me causaron molestias durante el uso.;12;;
Pre-test;Mental demand;La actividad no debería requerir un alto nivel de concentración mental.;13;;
Post-test;Mental demand;La actividad requirió un alto nivel de concentración mental.;13;;
Pre-test;Mental demand;No debería sentirme mentalmente agotado/a por la experiencia.;14;;
Post-test;Mental demand;Me sentí mentalmente agotado/a por la experiencia.;14;;
Pre-test;Physical demand;No debería sentirme físicamente cansado/a después de la actividad.;15;;
Post-test;Physical demand;Me sentí físicamente cansado/a después de la actividad.;15;;
Pre-test;Motivation;Debería sentirme motivado/a a participar activamente durante toda la experiencia.;16;;
Post-test;Motivation;Me sentí motivado/a a participar activamente durante toda la experiencia.;16;;
Pre-test;Motivation;La actividad debería ser lo suficientemente interesante para mantener mi atención.;17;;
Post-test;Motivation;La actividad fue lo suficientemente interesante para mantener mi atención.;17;;
Pre-test;Navigation;Debería ser fácil desplazarme en el espacio virtual.;18;;
Post-test;Navigation;Fue fácil desplazarme en el espacio virtual.;18;;
Pre-test;Guidance;Debería saber en todo momento qué hacer para avanzar en la tarea.;19;;
Post-test;Guidance;Siempre supe qué debía hacer para avanzar en la tarea.;19;;
Pre-test;Perspicuity;Debería aprender rápidamente a usar el sistema de RV.;20;;
Post-test;Perspicuity;Aprendí rápidamente a usar el sistema de RV.;20;;
Pre-test;Perspicuity;El sistema de RV debería ser fácil de entender desde el primer uso.;21;;
Post-test;Perspicuity;El sistema de RV fue fácil de entender desde el primer uso.;21;;
Pre-test;Presence;La experiencia debería hacerme sentir completamente inmerso/a en el entorno virtual.;22;;
Post-test;Presence;La experiencia me hizo sentir completamente inmerso/a en el entorno virtual.;22;;
Pre-test;Social presence;La interacción con el avatar virtual de IA debería ser fluida.;23;;
Post-test;Social presence;La interacción con el avatar virtual de IA fue fluida.;23;;
Pre-test;Social presence;La interacción con el avatar virtual debería sentirse natural.;24;;
Post-test;Social presence;La interacción con el avatar virtual de IA fue natural.;24;;
Pre-test;Graphic realism;Los gráficos del entorno virtual deberían ser realistas.;25;;
Post-test;Graphic realism;Los gráficos del entorno virtual eran realistas.;25;;
Pre-test;Graphic realism;La calidad visual del entorno debería aumentar mi interés por la actividad.;26;;
Post-test;Graphic realism;La calidad visual del entorno aumentó mi interés por la actividad.;26;;
Pre-test;Graphic realism;La fidelidad visual del entorno debería favorecer la comprensión de los contenidos.;27;;
Post-test;Graphic realism;La fidelidad visual favoreció la comprensión de los contenidos.;27;;
Pre-test;Enjoyment;Debería disfrutar la experiencia de aprendizaje con RV.;28;;
Post-test;Enjoyment;Disfruté la experiencia de aprendizaje con RV.;28;;
Pre-test;Frustration;No debería sentir frustración en la experiencia de aprendizaje con RV.;29;;
Post-test;Frustration;Me sentí frustrado/a en la experiencia de aprendizaje con RV.;29;;
Pre-test;Usability;Debería ser sencillo usar la experiencia virtual para completar la actividad.;30;;
Post-test;Usability;Fue sencillo usar la experiencia virtual para completar la actividad.;30;;
Pre-test;Usability;Debería quedar satisfecho/a con las respuestas que me entrega un avatar de IA.;31;;
Post-test;Usability;Estoy satisfecho(a) con las respuestas que recibí del avatar de IA.;31;;
Pre-test;Utility;La RV debería ser útil para mi aprendizaje.;32;;
Post-test;Utility;Considero que la RV fue útil para mi aprendizaje.;32;;
Pre-test;Utility;El uso de un avatar de IA en RV debería tener un valor positivo frente a una clase tradicional.;33;;
Post-test;Utility;El uso de un avatar de IA en RV tuvo un valor positivo frente a una clase tradicional.;33;;
Pre-test;Visibility;No debería tener problemas para identificar visualmente elementos importantes en la escena virtual.;34;;
Post-test;Visibility;No tuve problemas para identificar visualmente elementos importantes en la escena virtual.;34;;
Pre-test;Credibility;Debería confiar en lo que aprendí mediante un avatar virtual de IA en RV.;35;;
Post-test;Credibility;Considero que puedo confiar en lo aprendido con un avatar virtual de IA en RV.;35;;
Pre-test;Credibility;El avatar virtual debería generar confianza durante su uso.;36;;
Post-test;Credibility;El avatar virtual de IA me generó confianza durante su uso.;36;;
Pre-test;Credibility;El entorno virtual debería ser seguro.;37;;
Post-test;Credibility;Considero que el entorno virtual era seguro.;37;;
Pre-test;Credibility;Las respuestas del avatar de IA deberían ser completas.;38;;
Post-test;Credibility;Las respuestas que me proporcionó el avatar de IA fueron completas.;38;;
Pre-test;Credibility;Las respuestas del avatar de IA deberían ser convincentes.;39;;
Post-test;Credibility;Las respuestas del avatar de IA fueron convincentes.;39;;
Pre-test;Credibility;Las respuestas del avatar de IA deberían ser confiables.;40;;
Post-test;Credibility;Las respuestas del avatar de IA fueron confiables.;40;;
Pre-test;Credibility;Una experiencia con un avatar virtual debería aumentar mi confianza en la IA.;41;;
Post-test;Credibility;Confío más en la IA después de haber vivido la experiencia con el avatar en RV.;41;;
